{"cameraMode":{"drawMode":0,"name":"Shaded","section":"Shading Mode"},"sceneLighting":true,"audioPlay":false,"sceneViewState":{"m_AlwaysRefresh":false,"showFog":true,"showSkybox":true,"showFlares":true,"showImageEffects":true,"showParticleSystems":true,"showVisualEffectGraphs":true,"m_FxEnabled":true},"in2DMode":false,"pivot":{"x":379.37542724609377,"y":242.8473358154297,"z":-3.859130859375},"rotation":{"x":0.026430966332554818,"y":0.003838172648102045,"z":-0.001118833664804697,"w":1.0001204013824463},"size":251.02029418945313,"orthographic":false}