{"cameraMode":{"drawMode":0,"name":"Shaded","section":"Shading Mode"},"sceneLighting":false,"audioPlay":false,"sceneViewState":{"m_AlwaysRefresh":false,"showFog":true,"showSkybox":false,"showFlares":true,"showImageEffects":true,"showParticleSystems":true,"showVisualEffectGraphs":true,"m_FxEnabled":true},"in2DMode":false,"pivot":{"x":-0.002981424331665039,"y":-0.00540575385093689,"z":0.1867820918560028},"rotation":{"x":0.16446951031684876,"y":0.45548421144485476,"z":-0.08665666729211807,"w":0.8709946870803833},"size":0.5979503989219666,"orthographic":false}